,70<=BG<=180,BG>180,BG<70,BG>250,BG<50,LBGI,HBGI,Risk Index
adolescent#001,52.24913494809689,22.491349480968857,25.259515570934255,4.1522491349480966,21.10726643598616,23.161851298475078,4.004615968000071,27.16646726647515
