,70<=BG<=180,BG>180,BG<70,BG>250,BG<50,LBGI,HBGI,Risk Index
adolescent#004,14.878892733564014,8.996539792387544,76.12456747404845,7.26643598615917,75.4325259515571,29.453733178165887,5.5275630057584255,34.981296183924314
