,70<=BG<=180,BG>180,BG<70,BG>250,BG<50,LBGI,HBGI,Risk Index
adolescent#001,68.5121107266436,22.145328719723185,9.342560553633218,0.0,4.844290657439446,1.5114347712652694,2.4589855662939284,3.970420337559198
