,70<=BG<=180,BG>180,BG<70,BG>250,BG<50,LBGI,HBGI,Risk Index
adolescent#001,55.70934256055363,23.875432525951556,20.415224913494807,1.384083044982699,5.190311418685121,1.5872120722302896,2.3302415649309713,3.9174536371612616
