,70<=BG<=180,BG>180,BG<70,BG>250,BG<50,LBGI,HBGI,Risk Index
adolescent#010,43.59861591695502,24.567474048442904,31.833910034602077,10.726643598615917,28.027681660899656,24.890678164517492,2.1159106144165842,27.006588778934077
