,70<=BG<=180,BG>180,BG<70,BG>250,BG<50,LBGI,HBGI,Risk Index
adolescent#001,70.58823529411765,20.069204152249135,9.342560553633218,2.768166089965398,5.88235294117647,1.4410466482704058,2.3129061505230544,3.753952798793461
