,70<=BG<=180,BG>180,BG<70,BG>250,BG<50,LBGI,HBGI,Risk Index
adolescent#001,73.01038062283737,18.33910034602076,8.650519031141869,0.0,0.0,0.45420813160947926,2.0059166171891736,2.4601247487986524
