,70<=BG<=180,BG>180,BG<70,BG>250,BG<50,LBGI,HBGI,Risk Index
adolescent#001,56.05536332179931,22.837370242214533,21.10726643598616,0.0,16.26297577854671,6.744106617124395,1.7890408583129216,8.533147475437316
