,70<=BG<=180,BG>180,BG<70,BG>250,BG<50,LBGI,HBGI,Risk Index
adolescent#004,8.650519031141869,8.996539792387544,82.35294117647058,6.5743944636678195,81.66089965397923,157.891190550277,1.8440523792050318,159.73524292948204
