,70<=BG<=180,BG>180,BG<70,BG>250,BG<50,LBGI,HBGI,Risk Index
adolescent#001,38.75432525951557,16.608996539792386,44.636678200692046,0.0,42.90657439446367,124.70112268480601,1.0029559308528138,125.70407861565883
