,70<=BG<=180,BG>180,BG<70,BG>250,BG<50,LBGI,HBGI,Risk Index
adolescent#004,6.920415224913495,8.650519031141869,84.42906574394463,5.88235294117647,83.73702422145328,122.87470146756364,0.2757732541531189,123.15047472171676
