,70<=BG<=180,BG>180,BG<70,BG>250,BG<50,LBGI,HBGI,Risk Index
adolescent#001,70.24221453287197,21.453287197231834,8.304498269896193,0.0,3.4602076124567476,0.677592366972548,3.819012019282945,4.496604386255493
