,70<=BG<=180,BG>180,BG<70,BG>250,BG<50,LBGI,HBGI,Risk Index
adolescent#001,76.8166089965398,18.33910034602076,4.844290657439446,0.0,0.0,0.08647923107562822,1.3975983515014712,1.4840775825770993
