,70<=BG<=180,BG>180,BG<70,BG>250,BG<50,LBGI,HBGI,Risk Index
adolescent#002,8.650519031141869,11.072664359861593,80.27681660899654,8.650519031141869,79.58477508650519,92.4711094209121,7.9201284200759305,100.39123784098803
