,70<=BG<=180,BG>180,BG<70,BG>250,BG<50,LBGI,HBGI,Risk Index
adolescent#001,10.065949323151683,3.0544949670253385,86.87955570982298,0.6594932315168344,86.08122179798681,27.411138278972153,2.2988199759919135,29.709958254964064
