,70<=BG<=180,BG>180,BG<70,BG>250,BG<50,LBGI,HBGI,Risk Index
adolescent#003,16.608996539792386,7.26643598615917,76.12456747404845,4.844290657439446,74.0484429065744,28.635439261708207,1.101512361983498,29.736951623691706
